{"input_size":13,"output_size":5,"hidden_size":128,"num_layers":4,"activation":"sigmoid","batch_size":32,"num_epochs":100,"epoch_loss":[907495.4375,695416.875,504266.4375,494576.6875,682067.625,473112.53125,549650.625,489463.5,403329.8125,416807.9375,279048.6875,270147.28125,361411.90625,242176.359375,287090.59375,318062.28125,258084.484375,316285.875,109711.8203125,182925.0,206934.21875,256233.515625,130344.9453125,153826.5,170611.625,127059.359375,118969.7421875,84645.1953125,124580.3515625,60866.17578125,55104.32421875,55316.08984375,102305.4140625,38291.48828125,75869.4609375,42029.23828125,49117.1328125,49585.6953125,51548.75,43870.37890625,13813.1796875,28604.904296875,45289.71875,26466.41796875,19793.384765625,13562.494140625,15723.66015625,21830.4609375,24162.52734375,11603.6826171875,8795.369140625,12426.232421875,13171.96484375,13525.3935546875,3749.4890136719,12281.083984375,8338.5849609375,11688.3134765625,12240.3271484375,9076.7880859375,8131.7397460938,4117.0502929688,10112.4912109375,6677.3842773438,4500.6630859375,8932.7763671875,5344.1611328125,12891.24609375,6223.2309570312,9425.6474609375,10216.6494140625,3534.9177246094,6417.82421875,6080.3774414062,5538.3125,4193.228515625,6152.8803710938,4150.4829101562,2342.5576171875,4709.5083007812,9336.09375,35798.53515625,5052.7290039062,4331.3647460938,7023.0600585938,11123.8681640625,10533.6787109375,2693.8903808594,6477.359375,6265.5053710938,5606.357421875,2293.8920898438,4278.826171875,2922.4721679688,8293.275390625,18532.828125,7427.8310546875,2794.0261230469,1773.9962158203,9054.2197265625]}