{"input_size":13,"output_size":5,"hidden_size":128,"num_layers":4,"activation":"tanh","batch_size":32,"num_epochs":100,"epoch_loss":[306871.09375,751820.5625,600156.9375,669617.875,551893.75,560100.8125,541708.9375,450257.5625,527610.625,496167.1875,360581.6875,446101.625,295130.09375,305203.15625,318881.59375,322817.71875,166894.09375,209951.953125,228918.5,333918.1875,152991.453125,207545.046875,137807.890625,230153.515625,157702.21875,122576.4453125,163705.78125,113457.328125,90499.21875,79377.9375,108446.4296875,102895.3828125,73401.28125,58336.25390625,68145.8046875,47473.69921875,43512.46484375,66242.03125,63799.6875,57375.5625,25371.53125,23251.74609375,50832.88671875,46553.9921875,31997.23046875,35031.703125,17713.21484375,11947.9521484375,20608.83984375,17822.470703125,14972.603515625,12931.1904296875,12266.826171875,10553.1298828125,5120.7622070312,21157.6484375,34915.84765625,5783.0600585938,7556.5698242188,28600.935546875,4523.7690429688,5038.9614257812,7151.0512695312,18831.470703125,19903.837890625,5422.787109375,8427.0732421875,11940.1513671875,6558.861328125,5436.7080078125,5679.447265625,14944.6728515625,6852.423828125,7105.1806640625,3856.5053710938,3480.8515625,4672.783203125,2179.4458007812,14055.0419921875,8837.97265625,4867.8779296875,2151.8588867188,5518.0200195312,3294.8728027344,5438.6381835938,7134.6171875,16131.4892578125,14440.8173828125,8023.5659179688,15749.6748046875,10071.9111328125,5802.2709960938,5060.9052734375,4545.837890625,5147.2475585938,1316.2397460938,9800.1904296875,9680.064453125,5677.4228515625,2641.013671875]}